{"cameraMode":{"drawMode":0,"name":"Shaded","section":"Shading Mode"},"sceneLighting":true,"audioPlay":false,"sceneViewState":{"m_AlwaysRefresh":false,"showFog":true,"showSkybox":true,"showFlares":true,"showImageEffects":true,"showParticleSystems":true,"showVisualEffectGraphs":true,"m_FxEnabled":true},"in2DMode":false,"pivot":{"x":-1.7031891345977784,"y":-1.3845748901367188,"z":0.7650279998779297},"rotation":{"x":0.5745078325271606,"y":0.0014669956872239709,"z":-0.0010370229138061405,"w":0.8185051083564758},"size":10.58629035949707,"orthographic":false}